{"cameraMode":{"drawMode":0,"name":"Shaded","section":"Shading Mode"},"sceneLighting":true,"audioPlay":false,"sceneViewState":{"showFog":true,"showMaterialUpdate":true,"showSkybox":true,"showFlares":true,"showImageEffects":true,"showParticleSystems":true},"in2DMode":false,"pivot":{"x":-4.386881351470947,"y":-3.0469322204589845,"z":1.066102385520935},"rotation":{"x":-0.12986193597316743,"y":0.7803968191146851,"z":-0.17271780967712403,"w":-0.5867603421211243},"size":10.0,"orthographic":false}