{"cameraMode":{"drawMode":0,"name":"Shaded","section":"Shading Mode"},"sceneLighting":true,"audioPlay":false,"sceneViewState":{"showFog":true,"showMaterialUpdate":true,"showSkybox":true,"showFlares":true,"showImageEffects":true,"showParticleSystems":true},"in2DMode":false,"pivot":{"x":-5.007150173187256,"y":-3.907136917114258,"z":5.388286590576172},"rotation":{"x":-0.2744181156158447,"y":0.3346693515777588,"z":-0.10254041105508805,"w":-0.8956487774848938},"size":9.550000190734864,"orthographic":false}